Acute,,,,Chronic,,,
Mutations RT domain,Mutations SHB protein,Mutations in Pre Core region,Mutations in the Core region,Mutations RT domain,Mutations SHB protein,Mutations in Pre Core region,Mutations in the Core region
"A38T, N53D, Y54H, H126R, T150[n.d.]","T118V, A128V, K141[n.d.]",Nil,"A11G, T12I, N74V, N87S, I97F, L116I, W125*LW, I126IS, R127S",,,"C12R, W28*, G29D","T12S, S21T, E40D, S49T, N74V, E77Q, L84Q, N87S, I97F, R112K, E113Q, L116V, P135V, T147C, V148I, R151Q, D153R, G155S"
"A7E, N53D, Y54H, H126R, Y135S, R153Q, I266R, K268[n.d.], I269., K270., E271., C272., F273., R274[n.d.], P310[n.d.], Q316[n.d.], K318[n.d.], A320[n.d.], P325Q, T326L, Y327Q, K328A, A329F, F330C, L331V, C332T, K333I, Q334L, Y335N, L336V, N337T, L338D, Y339A, P340G, V341T, Q344S","T57I, T118V, T127P, A128V, G145R","W28*, G29D","E43K, N74V, E77Q, L84Q, N87S, I97F, R112K, E113K, L116I, D153., R154., R159K, R160K","N53D, Y54H, L91I, N118D, H126R, M129L, Y158F, P177R, V191D, R192C, E271D, Q334H","Q54R, T118V, A128V, I150F, R169V, F170S, F183I, T189I, P203L","W28*, G29D","T12S, R28Q, I59F, N74A, N87S, N92H, I97F, L116I, G123GR, P135T, T147A"
"A21S, F122L, Y135S, D263E, I266T",T127L,Nil,"E40D, N74V, N87S, I97F, L116I, D153G, G155S","A38E, N53D, Y54H, I121IS, H126R, L140F, Q149KQ, L331R, C332G, Y339C","Q30K, S113AS, T118A, A128V","S11F, W28*, G29D","T12S, I59V, N74G, A80T, N87S, I97F, E113Q, L116I, D153G"
"N53D, Y54H, H126R","T118V, A128V",Nil,"N74V, N87S, I97F, L116I, I126V, R127G","N53D, Y54H, H126R, G174[n.d.], A186[n.d.], R193K, N248H, M309K","T118V, A128V, A166[n.d.], P178[n.d.], G185R",Nil,"N74V, N87S, I97F, W102G, S106F, L116I, L119F, V120G, S121C, F122L"
,,Nil,"N74V, N87S, I97F, L116I","N53D, Y54H, N76D, H126R, I163IV, V191I, Q215S, N238H, Y257*","T118V, A128V, W182*, T189I, S207R","S11C, W28*","A36P, E40*, N74A, N87S, I97F, L116I, I139F, L140*, T142IT, D153, R154"
,,Nil,"N74V, N87S, I97F, L116I",,,S11F,"L31F, A34P, N74V, N87S, I97F, L116I, D153., R154"
"A7T, N123D, N248H, Y257W, D263E, Q267H, I269L, S317A, L336M","T125M, V224A",S11F,"S35A, E40D, N74T, N87S, I97F","A38E, N53D, Y54H, H126R, Y135D, I169[n.d.], R192[n.d.], L229M, I266R, T322S, Y339H","Q30K, F93S, T118A, R122K, M133T, G159A, F161[n.d.], F183[n.d.], S204N, F220L",W28*,"A11D, T12S, S21Q, Y38F, A41G, N74A, N87S, I97F"
"N53D, Y54H, H126R","T118V, A128V",Nil,"N74V, N87S, I97F, L116I, D153, R154",,,G29D,"N74V, N87S, I97F, L116I, L140[n.d.]"
"N53D, Y54H, H126R, S185T, Q316H","T118V, A128V, V177L",Nil,"N74V, N87S, I97F, L116I"," A7T, N53D, Y54H, H126R, L331V"," T118V, A128V",W28*,"S21*, D22E, N74V, P79Q, N87S, I97F, E113Q, L116I"
"A7T, H9Y, N123D, Q130P, N131H, N248H, G255D, Y257W, D263E, Q267H, I269L, S317A, L336M",T125M,S11F,"S35A, E40D, N74T, D78DN, V85E, N87S, I97F, W102G, R152QR, D153, R154, R159K","N53D, Y54H, L115V, H126R, Y135C, L140F, I169L","S31N, T118V, T127A, A128V, K160N","W28*, G29D","N74V, N87S, I97F, A131P"
"A38E, N53D, Y54H, N118D, H126R, I266R"," Q30K, T118V, A128V","W28*, G29D","N74G, A80T, N87S, I97F, L116I, L140[n.d.]","A38S, N53D, Y54H, H126R, N337H","Q101H, T118V, A128V, T189I, I208T, P217L, C221Y",W28*,"S21T, E64D, N74V, N87S, I97F, L116I, D153., R154., S157T, R159K"
"N53D, Y54H, H126R, S185T, Q316H","T118V, A128V, V177L",Nil,"N74V, N87S, I97F, L116I, D153., R154","N53D, Y54H, H126R, N131D, P299R","T118V, A128V",Nil,"N74V, N87S, I97F, L116I"
"N53D, Y54H, H126R","T118V, A128V",Nil,"N74V, N87S, I97F, L116I","D7A, N122H, M129L, N131D, V163I, I253V, V278I",S207N,,
"N53D, Y54H, I121S, H126[n.d.], G127GW, I266R","S113A, T118[n.d.], A128V",Nil,"N74V, N87S, I97F, L116I, I139F, D153., R154",,,G29D,"L60I, N74V, P79Q, N87S, I97F, L116I"
,,"P15R, L22M","S21F, N74V, N87S, I97F, L100R, W102G, L116I, P138R, I139S, L140F, D153G, R154Q","N53D, Y54H, H126R, S185ST","T118V, A128V, V177LV",Nil,"N74V, N87S, I97F, L116I"
"N53D, Y54H, H126[n.d.], L145[n.d.], R167[n.d.], P170S, F178L, L179[n.d.]","S117[n.d.], T118V, A128V, C137[n.d.], S154*, G159[n.d.], F170[n.d.], S171[n.d.",W28*,"N74V, N87S, I97F, E113Q, L116I, D153., R154","N53D, Y54H, H126R","T118V, A128V, L216",Nil,"N74V, N87S, I97F, L116I, D153G"
"A7D, N53D, Y54H, H126R, N248H, I266R","T118V, A128V",S11F,"C61W, N74V, N87S, I97F, L116I",,,,
"N53D, Y54H, H126R, R242[n.d.], G292[n.d.], L308[n.d.], M309[n.d.], Q316[n.d.], K318[n.d.], F323[n.d.], P325R, Y327[n.d.], A329T, L331LV, C332*, K333A, Q334I, Y335L, L336I, N337L, Y339V, P340A, V341G, A342T, R343D","	T118V, A128V",Nil,"N74V, N87S, I97F, L116I, D153G",,,,
"N53D, Y54H, H126R, S185T, Q316H","T118V, A128V, V177L",Nil,"N74V, N87S, I97F, L116I",,,,
"N53D, Y54H, H126R, S185T, Q316H, C332Y","T118V, A128V, V177L",Nil,"N74V, N87S, I97F, L116I, D153., R154",,,,